--Test-Statistic
INSERT INTO STATISTIC VALUES ('10', 0, 1, 1000, 20);
INSERT INTO STATISTIC VALUES ('11', 10, 3, 800, 10);
INSERT INTO STATISTIC VALUES ('12', 1, 2, 999, 19);
INSERT INTO STATISTIC VALUES ('13', 1, 4, 1000, 1);

--Test-User
INSERT INTO USER VALUES ( 'schmidt', 'peter.schmidt@adesso.', true, 'Peter', 'Schmidt', '10' );
INSERT INTO USER VALUES ( 'schneider', 'jan.schneider@adesso.de', true, 'Jan', 'Schneider', '11' );
INSERT INTO USER VALUES ( 'fischer', 'matthias.fischer@adesso.de', true, 'Matthias', 'Fischer', '12' );
INSERT INTO USER VALUES ( 'meyer', 'tobias.meyer@adesso.de', true, 'Tobias', 'Meyer', '13' );

INSERT INTO TRACKED_STATISTIC VALUES ('50', '2020-02-17', 0, 1, 1100, 100, 'schmidt');
INSERT INTO TRACKED_STATISTIC VALUES ('51', '2020-02-16', 1, 2, 1000, 101, 'schmidt');
INSERT INTO TRACKED_STATISTIC VALUES ('52', '2020-02-15', 2, 3, 900, 102, 'schmidt');
INSERT INTO TRACKED_STATISTIC VALUES ('53', '2020-02-14', 3, 4, 800, 103, 'schmidt');

INSERT INTO TRACKED_STATISTIC VALUES ('54', '2020-02-17', 3, 4, 800, 100, 'schneider');
INSERT INTO TRACKED_STATISTIC VALUES ('55', '2020-02-16', 2, 3, 900, 101, 'schneider');
INSERT INTO TRACKED_STATISTIC VALUES ('56', '2020-02-15', 1, 2, 1000, 102, 'schneider');
INSERT INTO TRACKED_STATISTIC VALUES ('57', '2020-02-14', 0, 1, 1100, 103, 'schneider');

INSERT INTO TRACKED_STATISTIC VALUES ('58', '2020-02-17', 2, 3 , 900, 100, 'fischer');
INSERT INTO TRACKED_STATISTIC VALUES ('59', '2020-02-16', 3, 4, 800, 101, 'fischer');
INSERT INTO TRACKED_STATISTIC VALUES ('60', '2020-02-15', 0, 1, 1100, 102, 'fischer');
INSERT INTO TRACKED_STATISTIC VALUES ('61', '2020-02-14', 1, 2, 1000, 103, 'fischer');

INSERT INTO TRACKED_STATISTIC VALUES ('62', '2020-02-17',1 , 2, 1000, 100, 'meyer');
INSERT INTO TRACKED_STATISTIC VALUES ('63', '2020-02-16',0 , 1, 1100, 101, 'meyer');
INSERT INTO TRACKED_STATISTIC VALUES ('64', '2020-02-15',3 , 4, 800, 102, 'meyer');
INSERT INTO TRACKED_STATISTIC VALUES ('65', '2020-02-14',2 , 3, 900, 103, 'meyer');


